{"stat.useItem.minecraft.iron_bars":3,"stat.walkOneCm":109152,"stat.useItem.minecraft.chest":5,"stat.useItem.minecraft.lever":7,"stat.useItem.minecraft.stone":97,"stat.leaveGame":69,"stat.useItem.minecraft.bedrock":8,"stat.jump":144,"stat.swimOneCm":3859,"stat.climbOneCm":302,"stat.useItem.minecraft.redstone_block":1,"stat.useItem.minecraft.trapped_chest":2,"stat.useItem.minecraft.piston":7,"stat.crouchOneCm":32234,"stat.useItem.minecraft.stained_hardened_clay":10,"stat.useItem.minecraft.dirt":4,"stat.useItem.minecraft.stone_button":9,"stat.sprintOneCm":45411,"achievement.exploreAllBiomes":{"value":0,"progress":["Plains"]},"stat.useItem.minecraft.dispenser":214,"stat.useItem.minecraft.stone_slab":2,"achievement.openInventory":207,"stat.useItem.minecraft.vine":9,"stat.useItem.minecraft.stone_brick_stairs":1,"stat.dispenserInspected":4,"stat.useItem.minecraft.stonebrick":11,"stat.flyOneCm":14332507,"stat.playOneMinute":1455572,"stat.useItem.minecraft.banner":1,"stat.useItem.minecraft.ladder":19,"stat.timeSinceDeath":1455572,"stat.diveOneCm":2484}