{"stat.useItem.minecraft.iron_bars":3,"stat.useItem.minecraft.command_block":1,"stat.walkOneCm":134692,"stat.useItem.minecraft.quartz_block":12,"stat.useItem.minecraft.chest":5,"stat.useItem.minecraft.lever":7,"stat.useItem.minecraft.stone":97,"stat.useItem.minecraft.quartz_stairs":12,"stat.leaveGame":89,"stat.useItem.minecraft.skull":9,"stat.useItem.minecraft.bedrock":8,"stat.jump":163,"stat.swimOneCm":3859,"stat.climbOneCm":302,"stat.useItem.minecraft.redstone_block":7,"stat.useItem.minecraft.trapped_chest":2,"stat.useItem.minecraft.piston":7,"stat.crouchOneCm":44149,"stat.useItem.minecraft.stained_hardened_clay":10,"stat.useItem.minecraft.dirt":4,"stat.useItem.minecraft.stone_button":9,"stat.sprintOneCm":54758,"achievement.exploreAllBiomes":{"value":0,"progress":["Plains"]},"stat.useItem.minecraft.dispenser":214,"stat.useItem.minecraft.stone_slab":4,"achievement.openInventory":247,"stat.useItem.minecraft.vine":9,"stat.useItem.minecraft.stone_brick_stairs":1,"stat.dispenserInspected":4,"stat.useItem.minecraft.stonebrick":11,"stat.flyOneCm":16690947,"stat.playOneMinute":1615114,"stat.useItem.minecraft.banner":1,"stat.useItem.minecraft.ladder":19,"stat.useItem.minecraft.wool":42,"stat.timeSinceDeath":1615114,"stat.diveOneCm":2484}